CodFrota;descricao_especialidade
62285;TRATOR - AGRICOLA
36708;REBOQUE - CANAVIEIRO
36709;REBOQUE - CANAVIEIRO
36710;REBOQUE - CANAVIEIRO
36711;REBOQUE - CANAVIEIRO
36712;REBOQUE - CANAVIEIRO
62201;TRATOR - AGRICOLA
62255;TRATOR - AGRICOLA
62262;TRATOR - AGRICOLA
46001;UTILITARIO - TRANSPORTE
46004;VEICULO - ASSISTENCIA
46005;MAQUINA PESADA - MOTONIVELADORA
46016;UTILITARIO - TRANSPORTE
46018;UTILITARIO - TRANSPORTE
46035;VEICULO - ASSISTENCIA
46037;VEICULO - ASSISTENCIA
46051;VEICULO - COLABORADORES / PARCEIROS
46103;ONIBUS - TRANSPORTE PESSOAL
46104;ONIBUS - TRANSPORTE PESSOAL
46105;ONIBUS - TRANSPORTE PESSOAL
46110;CAMINHAO - TRANSP. ADUBO
46114;ONIBUS - TRANSPORTE PESSOAL
46117;CAMINHAO - CACAMBA
46118;ONIBUS - TRANSPORTE PESSOAL
46119;CAMINHAO - CACAMBA
46120;ONIBUS - TRANSPORTE PESSOAL
46124;ONIBUS - TRANSPORTE PESSOAL
46127;ONIBUS - TRANSPORTE PESSOAL
46129;CAMINHAO - TRANSP. ADUBO
46139;CAMINHAO - TRANSP. ACUCAR
46140;IMPLEMENTO - GUINDASTE
46147;CAMINHAO - BOMBEIRO
46148;CAMINHAO - APOIO INDUSTRIA
46149;CAMINHAO - OFICINA
46155;CAMINHAO - TRANSP. ADUBO
46197;CAMINHAO - PRANCHA
46501;MAQUINA - UNIPORT
46512;TRATOR - AGRICOLA
46513;TRATOR - AGRICOLA
46514;TRATOR - AGRICOLA
46516;TRATOR - AGRICOLA
46517;MAQUINA - UNIPORT
46538;TRATOR - AGRICOLA
46558;TRATOR - AGRICOLA
46559;MAQUINA - UNIPORT
46567;MAQUINA - UNIPORT
46577;TRATOR - AGRICOLA
46578;TRATOR - AGRICOLA
46579;CARREGADEIRA - AGRICOLA
46701;REBOQUE - TANQUE
46702;REBOQUE - PRANCHA
46703;REBOQUE - TANQUE
46704;REBOQUE - TANQUE
46705;REBOQUE - TRANSBORDO
46706;REBOQUE - TRANSBORDO
46707;REBOQUE - TANQUE
46708;REBOQUE - TANQUE
46900;MAQUINA PESADA - EMPILHADEIRA
46901;MAQUINA PESADA - EMPILHADEIRA
46902;MAQUINA PESADA - ESCAVADEIRA HIDRAULICA
46903;MAQUINA PESADA - PA CARREGADEIRA
46904;MAQUINA PESADA - PLATAFORMA PANTOGRAFICA
46905;MAQUINA PESADA - PLATAFORMA PANTOGRAFICA
46906;MAQUINA PESADA - MOTONIVELADORA
46908;MAQUINA PESADA - EMPILHADEIRA
46919;MAQUINA PESADA - RETROESCAVADEIRA
46930;MAQUINA PESADA - EMPILHADEIRA
46936;MAQUINA PESADA - ESCAVADEIRA HIDRAULICA
46938;MAQUINA PESADA - RETROESCAVADEIRA
46951;MAQUINA PESADA - PA CARREGADEIRA
46952;MAQUINA - UNIPORT
46955;MAQUINA PESADA - PA CARREGADEIRA
46957;MAQUINA PESADA - RETROESCAVADEIRA
47201;EQUIPAMENTO IRRIG - HIDRO ROLL IRRIGACAO
47202;EQUIPAMENTO IRRIG - HIDRO ROLL IRRIGACAO
47203;EQUIPAMENTO IRRIG - HIDRO ROLL IRRIGACAO
47204;EQUIPAMENTO IRRIG - HIDRO ROLL IRRIGACAO
47205;EQUIPAMENTO IRRIG - MOTOR GERADOR
47206;EQUIPAMENTO IRRIG - MOTOR GERADOR
47207;EQUIPAMENTO IRRIG - MOTOR GERADOR
47208;EQUIPAMENTO IRRIG - MOTOR GERADOR
47209;EQUIPAMENTO IRRIG - MOTOR GERADOR
47211;EQUIPAMENTO IRRIG - MOTOR GERADOR
47212;EQUIPAMENTO IRRIG - MOTOR IRRIGACAO
47213;EQUIPAMENTO IRRIG - MOTOR IRRIGACAO
47214;EQUIPAMENTO IRRIG - HIDRO ROLL IRRIGACAO
47215;EQUIPAMENTO IRRIG - HIDRO ROLL IRRIGACAO
47216;EQUIPAMENTO IRRIG - MOTOR IRRIGACAO
47217;EQUIPAMENTO IRRIG - MOTOR GERADOR
47300;IMPLEMENTO - GUINDASTE
47301;IMPLEMENTO - ROCADEIRA
47313;IMPLEMENTO - MOTOSSERRA
47317;IMPLEMENTO - GUINDASTE
47700;AERONAVE - DIVERSOS
47701;AERONAVE - DIVERSOS
47702;AERONAVE - DIVERSOS
47800;UTILITARIO - TRANSPORTE
60809;CAMINHAO - OFICINA
65317;EQUIPAMENTO IRRIG - ELETROBOMBA
60002;VEICULO - DIRETORIA
60003;VEICULO - DIRETORIA
60051;VEICULO - ASSISTENCIA
60052;VEICULO - ASSISTENCIA
60053;VEICULO - ASSISTENCIA
60060;VEICULO - ASSISTENCIA
60062;VEICULO - ASSISTENCIA
60201;VEICULO - AMBULANCIA
60250;MOTOCICLETA - ASSISTENCIA
60251;MOTOCICLETA - ASSISTENCIA
60252;MOTOCICLETA - ASSISTENCIA
60253;MOTOCICLETA - ASSISTENCIA
60254;MOTOCICLETA - ASSISTENCIA
60255;MOTOCICLETA - ASSISTENCIA
60256;MOTOCICLETA - ASSISTENCIA
60257;MOTOCICLETA - ASSISTENCIA
60258;MOTOCICLETA - ASSISTENCIA
60259;MOTOCICLETA - ASSISTENCIA
60260;MOTOCICLETA - ASSISTENCIA
60261;MOTOCICLETA - ASSISTENCIA
60400;MOTOCICLETA - QUADRICICLO
60401;MOTOCICLETA - QUADRICICLO
60403;MOTOCICLETA - QUADRICICLO
60500;CAMINHAO - CANAVIEIRO
60501;CAMINHAO - CANAVIEIRO
60502;CAMINHAO - CANAVIEIRO
60503;CAMINHAO - CANAVIEIRO
60504;CAMINHAO - CANAVIEIRO
60505;CAMINHAO - CANAVIEIRO
60506;CAMINHAO - CANAVIEIRO
60507;CAMINHAO - CANAVIEIRO
60508;CAMINHAO - CANAVIEIRO
60509;CAMINHAO - CANAVIEIRO
60510;CAMINHAO - CANAVIEIRO
60511;CAMINHAO - CANAVIEIRO
60512;CAMINHAO - CANAVIEIRO
60513;CAMINHAO - CANAVIEIRO
60514;CAMINHAO - CANAVIEIRO
60515;CAMINHAO - CANAVIEIRO
60516;CAMINHAO - CANAVIEIRO
60517;CAMINHAO - CANAVIEIRO
60518;CAMINHAO - CANAVIEIRO
60519;CAMINHAO - CANAVIEIRO
60520;CAMINHAO - CANAVIEIRO
60521;CAMINHAO - PRANCHA
60800;CAMINHAO - SUPRIMENTOS
60801;CAMINHAO - OFICINA
60802;CAMINHAO - OFICINA
60803;CAMINHAO - OFICINA
60804;CAMINHAO - ASSISTENCIA
60805;CAMINHAO - BAU HERBICIDA
60806;CAMINHAO - PRANCHA
60917;CAMINHAO - BOMBEIRO
60808;CAMINHAO - TRANSP. TUBO
60900;CAMINHAO - BOMBEIRO
60901;CAMINHAO - BOMBEIRO
60902;CAMINHAO - BOMBEIRO
60903;CAMINHAO - BOMBEIRO
60904;CAMINHAO - BOMBEIRO
60906;CAMINHAO - BOMBEIRO
60907;CAMINHAO - BOMBEIRO
60908;CAMINHAO - BOMBEIRO
60909;CAMINHAO - BOMBEIRO
60910;CAMINHAO - BOMBEIRO
60807;CAMINHAO - OFICINA
60815;CAMINHAO - BORRACHARIA
61149;CAMINHAO - COMBOIO
60911;CAMINHAO - BOMBEIRO
61151;CAMINHAO - COMBOIO
61152;CAMINHAO - COMBOIO
61250;CAMINHAO - CACAMBA
61251;CAMINHAO - CACAMBA
61252;CAMINHAO - CACAMBA
46230;ONIBUS - TRANSPORTE PESSOAL
62001;CARREGADEIRA - AGRICOLA
62002;CARREGADEIRA - AGRICOLA
62200;TRATOR - TRANSBORDO
62202;TRATOR - TRANSBORDO
62204;TRATOR - TRANSBORDO
62205;TRATOR - AGRICOLA
62206;TRATOR - AGRICOLA
62207;TRATOR - AGRICOLA
62208;TRATOR - AGRICOLA
62209;TRATOR - AGRICOLA
62210;TRATOR - AGRICOLA
62227;TRATOR - TRANSBORDO
62228;TRATOR - TRANSBORDO
62229;TRATOR - TRANSBORDO
62232;TRATOR - TRANSBORDO
62233;TRATOR - TRANSBORDO
62234;TRATOR - TRANSBORDO
62235;TRATOR - TRANSBORDO
62236;TRATOR - TRANSBORDO
62237;TRATOR - TRANSBORDO
62238;TRATOR - TRANSBORDO
62241;TRATOR - TRANSBORDO
62242;TRATOR - TRANSBORDO
62243;TRATOR - TRANSBORDO
62244;TRATOR - TRANSBORDO
62245;TRATOR - TRANSBORDO
62246;TRATOR - TRANSBORDO
62247;TRATOR - TRANSBORDO
62248;TRATOR - TRANSBORDO
62500;COLHEDORA - CANA
62502;COLHEDORA - CANA
62503;COLHEDORA - CANA
62504;COLHEDORA - CANA
62505;COLHEDORA - CANA
62507;COLHEDORA - CANA
62508;COLHEDORA - CANA
62509;COLHEDORA - CANA
62510;COLHEDORA - CANA
62511;COLHEDORA - CANA
63000;REBOQUE - CANAVIEIRO
63001;REBOQUE - CANAVIEIRO
63002;REBOQUE - CANAVIEIRO
63003;REBOQUE - CANAVIEIRO
63004;REBOQUE - CANAVIEIRO
63005;REBOQUE - CANAVIEIRO
63006;REBOQUE - CANAVIEIRO
63007;REBOQUE - CANAVIEIRO
63008;REBOQUE - CANAVIEIRO
63009;REBOQUE - CANAVIEIRO
63010;REBOQUE - CANAVIEIRO
63011;REBOQUE - CANAVIEIRO
63012;REBOQUE - CANAVIEIRO
63013;REBOQUE - CANAVIEIRO
63014;REBOQUE - CANAVIEIRO
63015;REBOQUE - CANAVIEIRO
63016;REBOQUE - CANAVIEIRO
63017;REBOQUE - CANAVIEIRO
63018;REBOQUE - CANAVIEIRO
63019;REBOQUE - CANAVIEIRO
63020;REBOQUE - CANAVIEIRO
63021;REBOQUE - CANAVIEIRO
63022;REBOQUE - CANAVIEIRO
63023;REBOQUE - CANAVIEIRO
63024;REBOQUE - CANAVIEIRO
63025;REBOQUE - CANAVIEIRO
63026;REBOQUE - CANAVIEIRO
63027;REBOQUE - CANAVIEIRO
63028;REBOQUE - CANAVIEIRO
63029;REBOQUE - CANAVIEIRO
63030;REBOQUE - CANAVIEIRO
63031;REBOQUE - CANAVIEIRO
63032;REBOQUE - CANAVIEIRO
63033;REBOQUE - CANAVIEIRO
63034;REBOQUE - CANAVIEIRO
63035;REBOQUE - CANAVIEIRO
63036;REBOQUE - CANAVIEIRO
63037;REBOQUE - CANAVIEIRO
63038;REBOQUE - CANAVIEIRO
63039;REBOQUE - CANAVIEIRO
63040;REBOQUE - CANAVIEIRO
63041;REBOQUE - CANAVIEIRO
63042;REBOQUE - CANAVIEIRO
63043;REBOQUE - CANAVIEIRO
63044;REBOQUE - CANAVIEIRO
63045;REBOQUE - CANAVIEIRO
63046;REBOQUE - CANAVIEIRO
63047;REBOQUE - CANAVIEIRO
63048;REBOQUE - CANAVIEIRO
63049;REBOQUE - CANAVIEIRO
63050;REBOQUE - CANAVIEIRO
63051;REBOQUE - CANAVIEIRO
63052;REBOQUE - CANAVIEIRO
63053;REBOQUE - CANAVIEIRO
63054;REBOQUE - CANAVIEIRO
63055;REBOQUE - CANAVIEIRO
63056;REBOQUE - CANAVIEIRO
63057;REBOQUE - CANAVIEIRO
63058;REBOQUE - CANAVIEIRO
63059;REBOQUE - CANAVIEIRO
63815;REBOQUE - BANHEIRO MOVEL
63902;REBOQUE - TRANSP. TUBO
63300;REBOQUE - TRANSBORDO
63301;REBOQUE - TRANSBORDO
63302;REBOQUE - TRANSBORDO
63303;REBOQUE - TRANSBORDO
63305;REBOQUE - TRANSBORDO
63306;REBOQUE - TRANSBORDO
63307;REBOQUE - TRANSBORDO
63308;REBOQUE - TRANSBORDO
63309;REBOQUE - TRANSBORDO
63310;REBOQUE - TRANSBORDO
63311;REBOQUE - TRANSBORDO
63312;REBOQUE - TRANSBORDO
63313;REBOQUE - TRANSBORDO
63314;REBOQUE - TRANSBORDO
63315;REBOQUE - TRANSBORDO
63316;REBOQUE - TRANSBORDO
63317;REBOQUE - TRANSBORDO
63318;REBOQUE - TRANSBORDO
63319;REBOQUE - TRANSBORDO
63322;REBOQUE - TRANSBORDO
63323;REBOQUE - TRANSBORDO
63324;REBOQUE - TRANSBORDO
63325;REBOQUE - TRANSBORDO
63326;REBOQUE - TRANSBORDO
63327;REBOQUE - TRANSBORDO
63328;REBOQUE - TRANSBORDO
63329;REBOQUE - TRANSBORDO
63330;REBOQUE - TRANSBORDO
63331;REBOQUE - TRANSBORDO
63333;REBOQUE - TRANSBORDO
63334;REBOQUE - TRANSBORDO
63335;REBOQUE - TRANSBORDO
63337;REBOQUE - TRANSBORDO
63338;REBOQUE - TRANSBORDO
63339;REBOQUE - TRANSBORDO
63340;REBOQUE - TRANSBORDO
63341;REBOQUE - TRANSBORDO
63342;REBOQUE - TRANSBORDO
63343;REBOQUE - TRANSBORDO
63344;REBOQUE - TRANSBORDO
63345;REBOQUE - TRANSBORDO
63346;REBOQUE - TRANSBORDO
63347;REBOQUE - TRANSBORDO
63348;REBOQUE - TRANSBORDO
63349;REBOQUE - TRANSBORDO
63350;REBOQUE - TRANSBORDO
63351;REBOQUE - TRANSBORDO
63352;REBOQUE - TRANSBORDO
63353;REBOQUE - TRANSBORDO
63600;REBOQUE - PRANCHA
63650;REBOQUE - BANHEIRO MOVEL
63651;REBOQUE - OFICINA
63700;REBOQUE - TANQUE
63701;REBOQUE - TANQUE
63702;REBOQUE - TANQUE
63703;REBOQUE - TANQUE
63704;REBOQUE - TANQUE
63705;REBOQUE - TANQUE
63706;REBOQUE - TANQUE
63708;REBOQUE - TANQUE
63709;REBOQUE - TANQUE
63711;REBOQUE - TANQUE
63712;REBOQUE - TANQUE
63800;AREA VIVENCIA - DIVERSOS
63801;AREA VIVENCIA - DIVERSOS
63802;AREA VIVENCIA - DIVERSOS
63803;AREA VIVENCIA - DIVERSOS
63804;AREA VIVENCIA - DIVERSOS
63805;AREA VIVENCIA - DIVERSOS
63806;AREA VIVENCIA - DIVERSOS
63807;AREA VIVENCIA - DIVERSOS
63808;AREA VIVENCIA - DIVERSOS
63809;AREA VIVENCIA - DIVERSOS
63810;REBOQUE - TRANSBORDO
63390;REBOQUE - TRANSBORDO
63391;REBOQUE - TRANSBORDO
64002;MAQUINA PESADA - PA CARREGADEIRA
64003;MAQUINA PESADA - PA CARREGADEIRA
64100;MAQUINA PESADA - ESCAVADEIRA HIDRAULICA
64201;MAQUINA PESADA - MOTONIVELADORA
64300;MAQUINA PESADA - TRATOR ESTEIRA
64350;MAQUINA PESADA - ROLO COMPACTADOR
64400;MAQUINA PESADA - EMPILHADEIRA
64401;MAQUINA PESADA - EMPILHADEIRA
64402;MAQUINA PESADA - EMPILHADEIRA
65000;EQUIPAMENTO IRRIG - MOTOR IRRIGACAO
65001;EQUIPAMENTO INDUST - MOTOR ESTACIONARIO
65002;EQUIPAMENTO INDUST - MOTOR ESTACIONARIO
65004;EQUIPAMENTO IRRIG - MOTOR IRRIGACAO
65005;EQUIPAMENTO IRRIG - MOTOR IRRIGACAO
65006;EQUIPAMENTO IRRIG - MOTOR IRRIGACAO
65007;EQUIPAMENTO IRRIG - MOTOR IRRIGACAO
65008;EQUIPAMENTO IRRIG - MOTOR IRRIGACAO
65302;EQUIPAMENTO IRRIG - ELETROBOMBA
65303;EQUIPAMENTO IRRIG - ELETROBOMBA
65304;EQUIPAMENTO IRRIG - ELETROBOMBA
65305;EQUIPAMENTO IRRIG - ELETROBOMBA
65306;EQUIPAMENTO IRRIG - ELETROBOMBA
65307;EQUIPAMENTO IRRIG - ELETROBOMBA
65308;EQUIPAMENTO IRRIG - ELETROBOMBA
65309;EQUIPAMENTO IRRIG - ELETROBOMBA
65310;EQUIPAMENTO IRRIG - ELETROBOMBA
65311;EQUIPAMENTO IRRIG - ELETROBOMBA
65312;EQUIPAMENTO IRRIG - ELETROBOMBA
65313;EQUIPAMENTO IRRIG - ELETROBOMBA
65314;EQUIPAMENTO IRRIG - ELETROBOMBA
65315;EQUIPAMENTO IRRIG - ELETROBOMBA
65316;EQUIPAMENTO IRRIG - ELETROBOMBA
65318;EQUIPAMENTO IRRIG - ELETROBOMBA
65319;EQUIPAMENTO IRRIG - ELETROBOMBA
65320;EQUIPAMENTO IRRIG - ELETROBOMBA
65321;EQUIPAMENTO IRRIG - ELETROBOMBA
65322;EQUIPAMENTO IRRIG - ELETROBOMBA
65323;EQUIPAMENTO IRRIG - ELETROBOMBA
65500;EQUIPAMENTO IRRIG - HIDRO ROLL IRRIGACAO
65501;EQUIPAMENTO IRRIG - HIDRO ROLL IRRIGACAO
65502;EQUIPAMENTO IRRIG - HIDRO ROLL IRRIGACAO
65503;EQUIPAMENTO IRRIG - HIDRO ROLL IRRIGACAO
65504;EQUIPAMENTO IRRIG - HIDRO ROLL IRRIGACAO
65505;EQUIPAMENTO IRRIG - HIDRO ROLL IRRIGACAO
65506;EQUIPAMENTO IRRIG - HIDRO ROLL IRRIGACAO
65508;EQUIPAMENTO IRRIG - HIDRO ROLL IRRIGACAO
65509;EQUIPAMENTO IRRIG - HIDRO ROLL IRRIGACAO
65510;EQUIPAMENTO IRRIG - HIDRO ROLL IRRIGACAO
65511;EQUIPAMENTO IRRIG - HIDRO ROLL IRRIGACAO
65512;EQUIPAMENTO IRRIG - HIDRO ROLL IRRIGACAO
65513;EQUIPAMENTO IRRIG - HIDRO ROLL IRRIGACAO
65514;EQUIPAMENTO IRRIG - HIDRO ROLL IRRIGACAO
65515;EQUIPAMENTO IRRIG - HIDRO ROLL IRRIGACAO
65516;EQUIPAMENTO IRRIG - HIDRO ROLL IRRIGACAO
65517;EQUIPAMENTO IRRIG - HIDRO ROLL IRRIGACAO
65518;EQUIPAMENTO IRRIG - HIDRO ROLL IRRIGACAO
65519;EQUIPAMENTO IRRIG - HIDRO ROLL IRRIGACAO
65520;EQUIPAMENTO IRRIG - HIDRO ROLL IRRIGACAO
65521;EQUIPAMENTO IRRIG - HIDRO ROLL IRRIGACAO
65522;EQUIPAMENTO IRRIG - HIDRO ROLL IRRIGACAO
65523;EQUIPAMENTO IRRIG - HIDRO ROLL IRRIGACAO
65524;EQUIPAMENTO IRRIG - HIDRO ROLL IRRIGACAO
65525;EQUIPAMENTO IRRIG - HIDRO ROLL IRRIGACAO
65526;EQUIPAMENTO IRRIG - HIDRO ROLL IRRIGACAO
65527;EQUIPAMENTO IRRIG - HIDRO ROLL IRRIGACAO
65528;EQUIPAMENTO IRRIG - HIDRO ROLL IRRIGACAO
65529;EQUIPAMENTO IRRIG - HIDRO ROLL IRRIGACAO
65530;EQUIPAMENTO IRRIG - HIDRO ROLL IRRIGACAO
65531;EQUIPAMENTO IRRIG - HIDRO ROLL IRRIGACAO
65532;EQUIPAMENTO IRRIG - HIDRO ROLL IRRIGACAO
65700;EQUIPAMENTO IRRIG - MOTOR GERADOR
65701;EQUIPAMENTO IRRIG - MOTOR GERADOR
65702;EQUIPAMENTO INDUST - MOTOR GERADOR
65703;EQUIPAMENTO INDUST - MOTOR GERADOR
65704;EQUIPAMENTO IRRIG - MOTOR GERADOR
65705;EQUIPAMENTO IRRIG - MOTOR GERADOR
65706;EQUIPAMENTO IRRIG - MOTOR GERADOR
65707;EQUIPAMENTO IRRIG - MOTOR GERADOR
66002;IMPLEMENTO - HERBIPLUS E BOMBA COSTAL
66003;IMPLEMENTO - GRADAGEM
66004;IMPLEMENTO - GRADAGEM
66007;IMPLEMENTO - PLANTADORA CANA
66008;IMPLEMENTO - PLANTADORA CANA
66009;IMPLEMENTO - PLANTADORA CANA
66010;IMPLEMENTO - PLANTADORA CANA
66011;IMPLEMENTO - PLANTADORA CANA
66012;IMPLEMENTO - PLANTADORA CANA
66013;IMPLEMENTO - COBRIDOR
66014;IMPLEMENTO - COBRIDOR
66015;IMPLEMENTO - GRADAGEM
66016;IMPLEMENTO - SULCADOR
66017;IMPLEMENTO - SULCADOR
66018;IMPLEMENTO - SULCADOR
66019;IMPLEMENTO - HERBIPLUS E BOMBA COSTAL
66020;IMPLEMENTO - COBRIDOR
66021;IMPLEMENTO - SUBSOLADOR/CANTERIZADOR
66022;IMPLEMENTO - SUBSOLADOR/CANTERIZADOR
66023;IMPLEMENTO - SUBSOLADOR/CANTERIZADOR
66024;IMPLEMENTO - CARRETA AGRICOLA
66025;IMPLEMENTO - CARRETA AGRICOLA
66026;IMPLEMENTO - CARRETA AGRICOLA
66027;IMPLEMENTO - SUBSOLADOR/CANTERIZADOR
66029;IMPLEMENTO - GRADAGEM
66030;IMPLEMENTO - SULCADOR
66031;IMPLEMENTO - CULTIVADOR / QUEBRA LOMBO
66032;IMPLEMENTO - DISTRIBUIDOR ADUBO
66033;IMPLEMENTO - DISTRIBUIDOR ADUBO
66034;IMPLEMENTO - CARRETA AGRICOLA
66035;IMPLEMENTO - CULTIVADOR / QUEBRA LOMBO
66036;IMPLEMENTO - SULCADOR
66037;IMPLEMENTO - SULCADOR
66038;IMPLEMENTO - ROCADEIRA
66039;IMPLEMENTO - ROCADEIRA
66040;IMPLEMENTO - SUBSOLADOR/CANTERIZADOR
66041;IMPLEMENTO - TERRACIADOR
66042;IMPLEMENTO - TERRACIADOR
66043;IMPLEMENTO - SUBSOLADOR/CANTERIZADOR
66044;IMPLEMENTO - SULCADOR
66045;IMPLEMENTO - CARRETA AGRICOLA
66046;IMPLEMENTO - ROCADEIRA
66047;IMPLEMENTO - HERBIPLUS E BOMBA COSTAL
66048;IMPLEMENTO - SULCADOR
66049;IMPLEMENTO - CARRETA AGRICOLA
66050;IMPLEMENTO - GRADAGEM
66051;EQUIPAMENTO IRRIG - TRANSFORMADOR
66052;IMPLEMENTO - SUBSOLADOR/CANTERIZADOR
66053;IMPLEMENTO - CARRETA AGRICOLA
66054;IMPLEMENTO - CARRETA AGRICOLA
66055;IMPLEMENTO - SEPARADOR MAGNETICO
66056;REBOQUE - DOLLY
66057;REBOQUE - DOLLY
66059;IMPLEMENTO - ROCADEIRA
66060;EQUIPAMENTO IRRIG - TRANSFORMADOR
66061;EQUIPAMENTO IRRIG - TRANSFORMADOR
66062;EQUIPAMENTO IRRIG - TRANSFORMADOR
66063;EQUIPAMENTO IRRIG - TRANSFORMADOR
66064;IMPLEMENTO - DISTRIBUIDOR ADUBO
66065;IMPLEMENTO - CARRETA AGRICOLA
66066;IMPLEMENTO - CARRETA AGRICOLA
66067;IMPLEMENTO - DIVERSOS
66068;IMPLEMENTO - DIVERSOS
66069;EQUIPAMENTO IRRIG - TRANSFORMADOR
66070;EQUIPAMENTO IRRIG - TRANSFORMADOR
66071;IMPLEMENTO - DIVERSOS
66072;EQUIPAMENTO IRRIG - TRANSFORMADOR
66073;EQUIPAMENTO IRRIG - TRANSFORMADOR
66074;EQUIPAMENTO IRRIG - TRANSFORMADOR
66075;EQUIPAMENTO IRRIG - TRANSFORMADOR
66076;EQUIPAMENTO IRRIG - TRANSFORMADOR
66078;REBOQUE - TANQUE
66079;AREA VIVENCIA - DIVERSOS
66080;AREA VIVENCIA - DIVERSOS
66081;AREA VIVENCIA - DIVERSOS
66082;AREA VIVENCIA - DIVERSOS
66083;AREA VIVENCIA - DIVERSOS
66084;AREA VIVENCIA - DIVERSOS
66085;AREA VIVENCIA - DIVERSOS
66086;AREA VIVENCIA - DIVERSOS
66087;AREA VIVENCIA - DIVERSOS
66088;AREA VIVENCIA - DIVERSOS
66089;AREA VIVENCIA - DIVERSOS
66090;AREA VIVENCIA - DIVERSOS
66091;IMPLEMENTO - SUBSOLADOR/CANTERIZADOR
66092;IMPLEMENTO - CARRETA AGRICOLA
66093;IMPLEMENTO - DIVERSOS
66094;IMPLEMENTO - DIVERSOS
66095;IMPLEMENTO - DISTRIBUIDOR ADUBO
66096;IMPLEMENTO - MOTOSSERRA
66097;IMPLEMENTO - MOTOSSERRA
66098;IMPLEMENTO - SULCADOR
66099;IMPLEMENTO - HERBIPLUS E BOMBA COSTAL
66100;IMPLEMENTO - HERBIPLUS E BOMBA COSTAL
66101;IMPLEMENTO - HERBIPLUS E BOMBA COSTAL
66102;IMPLEMENTO - HERBIPLUS E BOMBA COSTAL
66103;IMPLEMENTO - HERBIPLUS E BOMBA COSTAL
66104;EQUIPAMENTO IRRIG - TRANSFORMADOR
66105;EQUIPAMENTO IRRIG - TRANSFORMADOR
66106;IMPLEMENTO - DIVERSOS
66107;IMPLEMENTO - DIVERSOS
66108;IMPLEMENTO - CARRETA AGRICOLA
66109;IMPLEMENTO - CARRETA AGRICOLA
66110;IMPLEMENTO - CARRETA AGRICOLA
66111;IMPLEMENTO - MOTOSSERRA
68001;UTILITARIO - DIVERSOS
68010;UTILITARIO - DIVERSOS
68012;UTILITARIO - DIVERSOS
68013;UTILITARIO - DIVERSOS
68015;UTILITARIO - OFICINA
68016;UTILITARIO - OFICINA
68017;UTILITARIO - OFICINA
68018;UTILITARIO - OFICINA
68019;UTILITARIO - OFICINA
68021;UTILITARIO - OFICINA
68022;UTILITARIO - OFICINA
68023;UTILITARIO - OFICINA
68024;UTILITARIO - OFICINA
68025;UTILITARIO - OFICINA
68026;UTILITARIO - OFICINA
68027;UTILITARIO - OFICINA
68028;UTILITARIO - OFICINA
68029;UTILITARIO - OFICINA
68030;UTILITARIO - OFICINA
68031;UTILITARIO - OFICINA
68032;UTILITARIO - OFICINA
68033;UTILITARIO - OFICINA
68034;UTILITARIO - OFICINA
68035;UTILITARIO - OFICINA
68037;UTILITARIO - OFICINA
46107;CAMINHAO - BOMBEIRO
46006;VEICULO - COLABORADORES / PARCEIROS
62211;TRATOR - AGRICOLA
62212;TRATOR - AGRICOLA
62213;TRATOR - AGRICOLA
66112;IMPLEMENTO - JARDINAGEM
60549;CAMINHAO - CANAVIEIRO
46125;ONIBUS - TRANSPORTE PESSOAL
46126;ONIBUS - TRANSPORTE PESSOAL
47218;EQUIPAMENTO IRRIG - MOTOR GERADOR
46161;ONIBUS - TRANSPORTE PESSOAL
46162;CAMINHAO - TRANSP. ACUCAR
60262;MOTOCICLETA - ASSISTENCIA
60551;CAMINHAO - CANAVIEIRO
46163;ONIBUS - TRANSPORTE PESSOAL
66113;IMPLEMENTO - DIVERSOS
46164;CAMINHAO - CACAMBA
46524;TRATOR - AGRICOLA
46525;TRATOR - AGRICOLA
46921;MAQUINA PESADA - PA CARREGADEIRA
47304;IMPLEMENTO - DISTRIBUIDOR CORRETIVO
47305;IMPLEMENTO - DISTRIBUIDOR CORRETIVO
67000;DRONE - APLICACAO AEREA
62214;TRATOR - AGRICOLA
66114;IMPLEMENTO - DIVERSOS
66115;IMPLEMENTO - DIVERSOS
47219;EQUIPAMENTO IRRIG - HIDRO ROLL IRRIGACAO
66116;IMPLEMENTO - DIVERSOS
65708;EQUIPAMENTO IRRIG - MOTOR GERADOR
65709;EQUIPAMENTO IRRIG - MOTOR GERADOR
67001;DRONE - APLICACAO AEREA
65533;EQUIPAMENTO IRRIG - HIDRO ROLL IRRIGACAO
65534;EQUIPAMENTO IRRIG - HIDRO ROLL IRRIGACAO
65535;EQUIPAMENTO IRRIG - HIDRO ROLL IRRIGACAO
47306;CAMINHAO - TRANSP. TUBO
65536;EQUIPAMENTO IRRIG - HIDRO ROLL IRRIGACAO
65537;EQUIPAMENTO IRRIG - HIDRO ROLL IRRIGACAO
62220;TRATOR - TRANSBORDO
62222;TRATOR - TRANSBORDO
60264;MOTOCICLETA - ASSISTENCIA
63354;REBOQUE - TRANSBORDO
63355;REBOQUE - TRANSBORDO
63356;REBOQUE - TRANSBORDO
63357;REBOQUE - TRANSBORDO
63358;REBOQUE - TRANSBORDO
63359;REBOQUE - TRANSBORDO
63360;REBOQUE - TRANSBORDO
63361;REBOQUE - TRANSBORDO
63362;REBOQUE - TRANSBORDO
66117;IMPLEMENTO - DIVERSOS
65710;EQUIPAMENTO IRRIG - MOTOR GERADOR
62217;TRATOR - TRANSBORDO
62218;TRATOR - TRANSBORDO
62203;TRATOR - TRANSBORDO
62249;TRATOR - TRANSBORDO
46008;VEICULO - COLABORADORES / PARCEIROS
62700;MAQUINA - UNIPORT
60054;VEICULO - ASSISTENCIA
60055;VEICULO - ASSISTENCIA
60058;VEICULO - ASSISTENCIA
60066;VEICULO - ASSISTENCIA
60067;VEICULO - ASSISTENCIA
60068;VEICULO - ASSISTENCIA
60069;VEICULO - ASSISTENCIA
60070;VEICULO - ASSISTENCIA
63714;REBOQUE - TANQUE
63715;REBOQUE - TANQUE
63716;REBOQUE - TANQUE
63717;REBOQUE - TANQUE
60071;VEICULO - ASSISTENCIA
60072;VEICULO - ASSISTENCIA
60073;VEICULO - ASSISTENCIA
60074;VEICULO - ASSISTENCIA
60075;VEICULO - ASSISTENCIA
60076;VEICULO - ASSISTENCIA
60077;VEICULO - ASSISTENCIA
63740;REBOQUE - TANQUE
62219;TRATOR - AGRICOLA
60263;MOTOCICLETA - ASSISTENCIA
60078;VEICULO - ASSISTENCIA
60079;VEICULO - ASSISTENCIA
46166;ONIBUS - TRANSPORTE PESSOAL
46536;TRATOR - AGRICOLA
60098;VEICULO - ASSISTENCIA
60080;VEICULO - ASSISTENCIA
60081;VEICULO - ASSISTENCIA
60082;VEICULO - ASSISTENCIA
60083;VEICULO - ASSISTENCIA
60085;VEICULO - ASSISTENCIA
60086;VEICULO - ASSISTENCIA
60087;VEICULO - ASSISTENCIA
60089;VEICULO - ASSISTENCIA
63320;REBOQUE - TRANSBORDO
66118;IMPLEMENTO - SEMEADEIRA - (DISTRIB.CANA)
66119;IMPLEMENTO - SEMEADEIRA - (DISTRIB.CANA)
66121;IMPLEMENTO - SEMEADEIRA - (DISTRIB.CANA)
66122;IMPLEMENTO - SEMEADEIRA - (DISTRIB.CANA)
66123;IMPLEMENTO - SEMEADEIRA - (DISTRIB.CANA)
66125;IMPLEMENTO - SEMEADEIRA - (DISTRIB.CANA)
46019;VEICULO - ASSISTENCIA
46167;CAMINHAO - BOMBEIRO
66126;IMPLEMENTO - APLIC. INSETICIDA
60090;VEICULO - ASSISTENCIA
63718;REBOQUE - TANQUE
66127;IMPLEMENTO - APLIC. INSETICIDA
63719;REBOQUE - TANQUE
63720;REBOQUE - TANQUE
62252;TRATOR - TRANSBORDO
62240;TRATOR - TRANSBORDO
63721;REBOQUE - TANQUE
63722;REBOQUE - TANQUE
46012;VEICULO - COLABORADORES / PARCEIROS
46195;ONIBUS - TRANSPORTE PESSOAL
46196;ONIBUS - TRANSPORTE PESSOAL
46534;MAQUINA - UNIPORT
60912;CAMINHAO - BOMBEIRO
60913;CAMINHAO - BOMBEIRO
60914;CAMINHAO - BOMBEIRO
60915;CAMINHAO - BOMBEIRO
61150;CAMINHAO - COMBOIO
60091;VEICULO - ASSISTENCIA
65800;EQUIPAMENTO INDUST - MOTOR ESTACIONARIO
66128;IMPLEMENTO - MOTOSSERRA
66129;IMPLEMENTO - MOTOSSERRA
65538;EQUIPAMENTO IRRIG - HIDRO ROLL IRRIGACAO
65539;EQUIPAMENTO IRRIG - HIDRO ROLL IRRIGACAO
66130;IMPLEMENTO - SUBSOLADOR/CANTERIZADOR
62513;COLHEDORA - CANA
63813;AREA VIVENCIA - DIVERSOS
46168;ONIBUS - TRANSPORTE PESSOAL
47704;DRONE - APLICACAO AEREA
60522;CAMINHAO - CANAVIEIRO
60523;CAMINHAO - CANAVIEIRO
60524;CAMINHAO - PRANCHA
60525;CAMINHAO - CANAVIEIRO
60526;CAMINHAO - CANAVIEIRO
60527;CAMINHAO - CANAVIEIRO
60532;CAMINHAO - CANAVIEIRO
60535;CAMINHAO - CANAVIEIRO
60534;CAMINHAO - CANAVIEIRO
60533;CAMINHAO - CANAVIEIRO
60531;CAMINHAO - CANAVIEIRO
60530;CAMINHAO - PRANCHA
60529;CAMINHAO - CANAVIEIRO
60528;CAMINHAO - CANAVIEIRO
63723;REBOQUE - TANQUE
63724;REBOQUE - TANQUE
63725;REBOQUE - TANQUE
63726;REBOQUE - TANQUE
63727;REBOQUE - TANQUE
63730;REBOQUE - TANQUE
63728;REBOQUE - TANQUE
63729;REBOQUE - TANQUE
68038;UTILITARIO - OFICINA
60536;CAMINHAO - CANAVIEIRO
60550;CAMINHAO - BOMBEIRO
60552;CAMINHAO - CANAVIEIRO
46582;MAQUINA - UNIPORT
46169;ONIBUS - TRANSPORTE PESSOAL
47220;EQUIPAMENTO IRRIG - MOTOR ESTACIONARIO
63363;REBOQUE - TRANSBORDO
63364;REBOQUE - TRANSBORDO
63365;REBOQUE - TRANSBORDO
63366;REBOQUE - TRANSBORDO
63367;REBOQUE - TRANSBORDO
63368;REBOQUE - TRANSBORDO
63369;REBOQUE - TRANSBORDO
47302;IMPLEMENTO - GUINDASTE
62250;TRATOR - TRANSBORDO
62239;TRATOR - TRANSBORDO
62514;COLHEDORA - CANA
62515;COLHEDORA - CANA
65711;EQUIPAMENTO IRRIG - MOTOR GERADOR
62516;COLHEDORA - CANA
60092;VEICULO - ASSISTENCIA
46221;ONIBUS - TRANSPORTE PESSOAL
46222;ONIBUS - TRANSPORTE PESSOAL
47318;IMPLEMENTO - GUINDASTE
46588;TRATOR - AGRICOLA
60093;VEICULO - ASSISTENCIA
63731;REBOQUE - TANQUE
63732;REBOQUE - TANQUE
63733;REBOQUE - TANQUE
63734;REBOQUE - TANQUE
63735;REBOQUE - TANQUE
63370;REBOQUE - TRANSBORDO
63371;REBOQUE - TRANSBORDO
60094;VEICULO - ASSISTENCIA
46519;TRATOR - AGRICOLA
46589;TRATOR - AGRICOLA
46590;TRATOR - AGRICOLA
65324;EQUIPAMENTO IRRIG - ELETROBOMBA
65325;EQUIPAMENTO IRRIG - ELETROBOMBA
65326;EQUIPAMENTO IRRIG - ELETROBOMBA
65328;EQUIPAMENTO IRRIG - ELETROBOMBA
65327;EQUIPAMENTO IRRIG - ELETROBOMBA
46592;TRATOR - AGRICOLA
47221;EQUIPAMENTO IRRIG - MOTOR GERADOR
61002;CAMINHAO - BORRACHARIA
60810;CAMINHAO - OFICINA
46977;MAQUINA PESADA - ROLO COMPACTADOR
46593;TRATOR - AGRICOLA
60265;MOTOCICLETA - ASSISTENCIA
46224;ONIBUS - TRANSPORTE PESSOAL
46225;ONIBUS - TRANSPORTE PESSOAL
46597;MAQUINA - UNIPORT
46598;TRATOR - AGRICOLA
60059;VEICULO - ASSISTENCIA
60096;VEICULO - ASSISTENCIA
60095;VEICULO - ASSISTENCIA
46226;ONIBUS - TRANSPORTE PESSOAL
65712;EQUIPAMENTO IRRIG - MOTOR GERADOR
63063;REBOQUE - CANAVIEIRO
63064;REBOQUE - CANAVIEIRO
63065;REBOQUE - CANAVIEIRO
63066;REBOQUE - CANAVIEIRO
47222;EQUIPAMENTO IRRIG - MOTOR GERADOR
46537;TRATOR - AGRICOLA
65540;EQUIPAMENTO IRRIG - HIDRO ROLL IRRIGACAO
65541;EQUIPAMENTO IRRIG - HIDRO ROLL IRRIGACAO
63067;REBOQUE - CANAVIEIRO
63068;REBOQUE - CANAVIEIRO
63069;REBOQUE - CANAVIEIRO
63070;REBOQUE - CANAVIEIRO
63071;REBOQUE - CANAVIEIRO
63072;REBOQUE - CANAVIEIRO
63073;REBOQUE - CANAVIEIRO
63074;REBOQUE - CANAVIEIRO
63075;REBOQUE - CANAVIEIRO
63076;REBOQUE - CANAVIEIRO
60097;VEICULO - ASSISTENCIA
66131;IMPLEMENTO - ROCADEIRA
66132;IMPLEMENTO - ROCADEIRA
66133;IMPLEMENTO - ROCADEIRA
63077;REBOQUE - CANAVIEIRO
63078;REBOQUE - CANAVIEIRO
63079;REBOQUE - CANAVIEIRO
63080;REBOQUE - CANAVIEIRO
63081;REBOQUE - CANAVIEIRO
63082;REBOQUE - CANAVIEIRO
63083;REBOQUE - CANAVIEIRO
63084;REBOQUE - CANAVIEIRO
63085;REBOQUE - CANAVIEIRO
63086;REBOQUE - CANAVIEIRO
65542;EQUIPAMENTO IRRIG - HIDRO ROLL IRRIGACAO
65543;EQUIPAMENTO IRRIG - HIDRO ROLL IRRIGACAO
63601;REBOQUE - PRANCHA
65011;EQUIPAMENTO IRRIG - MOTOR IRRIGACAO
46928;MAQUINA PESADA - EMPILHADEIRA
66134;IMPLEMENTO - CARRETA AGRICOLA
66135;IMPLEMENTO - CARRETA AGRICOLA
66136;IMPLEMENTO - CARRETA AGRICOLA
47307;IMPLEMENTO - DIVERSOS
63710;REBOQUE - TANQUE
66137;IMPLEMENTO - DIVERSOS
62253;TRATOR - TRANSBORDO
62254;TRATOR - TRANSBORDO
62215;TRATOR - TRANSBORDO
62256;TRATOR - TRANSBORDO
62257;TRATOR - TRANSBORDO
63736;REBOQUE - TANQUE
60061;VEICULO - ASSISTENCIA
63737;REBOQUE - TANQUE
62512;COLHEDORA - CANA
46143;CAMINHAO - BOMBEIRO
47308;IMPLEMENTO - GUINDASTE
65713;EQUIPAMENTO IRRIG - MOTOR GERADOR
63304;REBOQUE - TRANSBORDO
63332;REBOQUE - TRANSBORDO
63336;REBOQUE - TRANSBORDO
63372;REBOQUE - TRANSBORDO
63373;REBOQUE - TRANSBORDO
63321;REBOQUE - TRANSBORDO
62225;TRATOR - AGRICOLA
62226;TRATOR - TRANSBORDO
62216;TRATOR - AGRICOLA
62221;TRATOR - AGRICOLA
62223;TRATOR - AGRICOLA
62224;TRATOR - AGRICOLA
46170;CAMINHAO - TRANSP. ACUCAR
61003;CAMINHAO - MUNCK
63374;REBOQUE - TRANSBORDO
63375;REBOQUE - TRANSBORDO
63376;REBOQUE - TRANSBORDO
63377;REBOQUE - TRANSBORDO
63378;REBOQUE - TRANSBORDO
63814;AREA VIVENCIA - DIVERSOS
46943;MAQUINA PESADA - EMPILHADEIRA
62230;TRATOR - TRANSBORDO
62231;TRATOR - TRANSBORDO
47223;EQUIPAMENTO IRRIG - MOTOR GERADOR
60050;VEICULO - ASSISTENCIA
62251;TRATOR - AGRICOLA
62258;TRATOR - AGRICOLA
47224;EQUIPAMENTO IRRIG - MOTOR GERADOR
62517;COLHEDORA - CANA
62518;COLHEDORA - CANA
47303;IMPLEMENTO - GUINDASTE
46100;ONIBUS - TRANSPORTE PESSOAL
64404;MAQUINA PESADA - EMPILHADEIRA
64403;MAQUINA PESADA - EMPILHADEIRA
47310;IMPLEMENTO - GUINDASTE
46108;CAMINHAO - TRANSP. ACUCAR
65714;EQUIPAMENTO IRRIG - MOTOR GERADOR
63379;REBOQUE - TRANSBORDO
63380;REBOQUE - TRANSBORDO
46023;VEICULO - ASSISTENCIA
65544;EQUIPAMENTO IRRIG - HIDRO ROLL IRRIGACAO
65545;EQUIPAMENTO IRRIG - HIDRO ROLL IRRIGACAO
65546;EQUIPAMENTO IRRIG - HIDRO ROLL IRRIGACAO
46109;ONIBUS - TRANSPORTE PESSOAL
46502;MAQUINA - UNIPORT
62259;TRATOR - TRANSBORDO
62260;TRATOR - TRANSBORDO
60537;CAMINHAO - CANAVIEIRO
60538;CAMINHAO - CANAVIEIRO
60539;CAMINHAO - CANAVIEIRO
60540;CAMINHAO - CANAVIEIRO
60541;CAMINHAO - CANAVIEIRO
60542;CAMINHAO - CANAVIEIRO
60543;CAMINHAO - CANAVIEIRO
60544;CAMINHAO - CANAVIEIRO
60545;CAMINHAO - CANAVIEIRO
61050;CAMINHAO - TRANSP. TUBO
60916;CAMINHAO - BOMBEIRO
60267;MOTOCICLETA - ASSISTENCIA
60811;CAMINHAO - ASSISTENCIA
60812;CAMINHAO - ASSISTENCIA
60813;CAMINHAO - ASSISTENCIA
60814;CAMINHAO - ASSISTENCIA
46087;VEICULO - COLABORADORES / PARCEIROS
65547;EQUIPAMENTO IRRIG - HIDRO ROLL IRRIGACAO
65548;EQUIPAMENTO IRRIG - HIDRO ROLL IRRIGACAO
65549;EQUIPAMENTO IRRIG - HIDRO ROLL IRRIGACAO
46111;ONIBUS - TRANSPORTE PESSOAL
64101;MAQUINA PESADA - RETROESCAVADEIRA
47314;UTILITARIO - DIVERSOS
65550;EQUIPAMENTO IRRIG - HIDRO ROLL IRRIGACAO
65551;EQUIPAMENTO IRRIG - HIDRO ROLL IRRIGACAO
65552;EQUIPAMENTO IRRIG - HIDRO ROLL IRRIGACAO
65553;EQUIPAMENTO IRRIG - HIDRO ROLL IRRIGACAO
65554;EQUIPAMENTO IRRIG - HIDRO ROLL IRRIGACAO
65555;EQUIPAMENTO IRRIG - HIDRO ROLL IRRIGACAO
47311;IMPLEMENTO - GUINDASTE
46130;IMPLEMENTO - GUINDASTE
60099;VEICULO - ASSISTENCIA
60100;VEICULO - ASSISTENCIA
60101;VEICULO - ASSISTENCIA
60102;VEICULO - ASSISTENCIA
60103;VEICULO - ASSISTENCIA
60104;VEICULO - ASSISTENCIA
46132;IMPLEMENTO - GUINDASTE
46133;ONIBUS - TRANSPORTE PESSOAL
47312;IMPLEMENTO - APLIC. INSETICIDA
63738;REBOQUE - TANQUE
63739;REBOQUE - TANQUE
62261;TRATOR - AGRICOLA
60268;MOTOCICLETA - ASSISTENCIA
60269;MOTOCICLETA - ASSISTENCIA
60270;MOTOCICLETA - ASSISTENCIA
60271;MOTOCICLETA - ASSISTENCIA
60272;MOTOCICLETA - ASSISTENCIA
60273;MOTOCICLETA - ASSISTENCIA
65329;EQUIPAMENTO IRRIG - ELETROBOMBA
65330;EQUIPAMENTO IRRIG - ELETROBOMBA
65331;EQUIPAMENTO IRRIG - ELETROBOMBA
65332;EQUIPAMENTO IRRIG - ELETROBOMBA
65333;EQUIPAMENTO IRRIG - ELETROBOMBA
66138;EQUIPAMENTO IRRIG - TRANSFORMADOR
66139;EQUIPAMENTO IRRIG - TRANSFORMADOR
66140;EQUIPAMENTO IRRIG - TRANSFORMADOR
47226;EQUIPAMENTO INDUST - MOTOR GERADOR
46007;VEICULO - COLABORADORES / PARCEIROS
60105;VEICULO - ASSISTENCIA
60106;VEICULO - ASSISTENCIA
66000;IMPLEMENTO - MOTOSSERRA
66001;IMPLEMENTO - MOTOSSERRA
63900;REBOQUE - CACAMBA
65715;EQUIPAMENTO INDUST - MOTOR GERADOR
64000;MAQUINA PESADA - PA CARREGADEIRA
65801;EQUIPAMENTO IRRIG - MOTOR ESTACIONARIO
60107;VEICULO - ASSISTENCIA
60084;VEICULO - ASSISTENCIA
46136;ONIBUS - TRANSPORTE PESSOAL
46503;TRATOR - AGRICOLA
46504;TRATOR - AGRICOLA
47315;IMPLEMENTO - GUINDASTE
46137;CAMINHAO - TRANSP. ACUCAR
46138;CAMINHAO - CANAVIEIRO
65716;EQUIPAMENTO IRRIG - MOTOR GERADOR
63096;REBOQUE - CANAVIEIRO
63090;REBOQUE - CANAVIEIRO
63089;REBOQUE - CANAVIEIRO
63088;REBOQUE - CANAVIEIRO
63087;REBOQUE - CANAVIEIRO
62520;COLHEDORA - CANA
62519;COLHEDORA - CANA
63091;REBOQUE - CANAVIEIRO
63092;REBOQUE - CANAVIEIRO
63093;REBOQUE - CANAVIEIRO
63094;REBOQUE - CANAVIEIRO
63095;REBOQUE - CANAVIEIRO
62521;COLHEDORA - CANA
63097;REBOQUE - CANAVIEIRO
63098;REBOQUE - CANAVIEIRO
63099;REBOQUE - CANAVIEIRO
63100;REBOQUE - CANAVIEIRO
63101;REBOQUE - CANAVIEIRO
63102;REBOQUE - CANAVIEIRO
46000;VEICULO - TAXI
46015;VEICULO - COLABORADORES / PARCEIROS
66141;IMPLEMENTO - DISTRIBUIDOR ADUBO
66142;IMPLEMENTO - DISTRIBUIDOR ADUBO
46020;VEICULO - COLABORADORES / PARCEIROS
66005;IMPLEMENTO - PLANTADORA CANA
66006;IMPLEMENTO - PLANTADORA CANA
66143;IMPLEMENTO - PLANTADORA CANA
66144;IMPLEMENTO - PLANTADORA CANA
46010;VEICULO - COLABORADORES / PARCEIROS
63103;REBOQUE - CANAVIEIRO
63104;REBOQUE - CANAVIEIRO
63381;REBOQUE - TRANSBORDO
63382;REBOQUE - TRANSBORDO
63383;REBOQUE - TRANSBORDO
63107;REBOQUE - CANAVIEIRO
36701;REBOQUE - CANAVIEIRO
36700;REBOQUE - CANAVIEIRO
60109;VEICULO - ASSISTENCIA
63108;REBOQUE - CANAVIEIRO
36702;REBOQUE - CANAVIEIRO
36704;REBOQUE - CANAVIEIRO
36703;REBOQUE - CANAVIEIRO
36705;REBOQUE - CANAVIEIRO
60110;VEICULO - ASSISTENCIA
66145;IMPLEMENTO - JARDINAGEM
60057;VEICULO - ASSISTENCIA
63060;REBOQUE - CANAVIEIRO
63061;REBOQUE - CANAVIEIRO
63113;REBOQUE - CANAVIEIRO
63114;REBOQUE - CANAVIEIRO
63115;REBOQUE - CANAVIEIRO
63116;REBOQUE - CANAVIEIRO
63117;REBOQUE - CANAVIEIRO
63118;REBOQUE - CANAVIEIRO
63120;REBOQUE - CANAVIEIRO
63121;REBOQUE - CANAVIEIRO
63119;REBOQUE - CANAVIEIRO
63122;REBOQUE - CANAVIEIRO
36706;REBOQUE - CANAVIEIRO
63106;REBOQUE - CANAVIEIRO
36707;REBOQUE - CANAVIEIRO
63110;REBOQUE - CANAVIEIRO
63901;REBOQUE - GRANELEIRO
66028;IMPLEMENTO - HERBIPLUS E BOMBA COSTAL
66146;IMPLEMENTO - DISTRIBUIDOR ADUBO
66147;IMPLEMENTO - APLIC. INSETICIDA
66148;IMPLEMENTO - SEPARADOR MAGNETICO
47227;EQUIPAMENTO IRRIG - MOTOR GERADOR
60000;VEICULO - DIRETORIA
60056;VEICULO - ASSISTENCIA
60063;VEICULO - ASSISTENCIA
60064;VEICULO - ASSISTENCIA
64202;MAQUINA PESADA - MOTONIVELADORA
63386;REBOQUE - TRANSBORDO
63384;REBOQUE - TRANSBORDO
63385;REBOQUE - TRANSBORDO
63387;REBOQUE - TRANSBORDO
63388;REBOQUE - TRANSBORDO
63389;REBOQUE - TRANSBORDO
66149;IMPLEMENTO - APLIC. INSETICIDA
66150;IMPLEMENTO - APLIC. INSETICIDA
66151;IMPLEMENTO - APLIC. INSETICIDA
65717;EQUIPAMENTO IRRIG - MOTOR GERADOR
46115;CAMINHAO - COMBOIO
47316;UTILITARIO - DIVERSOS
66152;IMPLEMENTO - DIVERSOS
62263;TRATOR - TRANSBORDO
62264;TRATOR - TRANSBORDO
62265;TRATOR - TRANSBORDO
62266;TRATOR - TRANSBORDO
66120;IMPLEMENTO - APLIC. INSETICIDA
66153;IMPLEMENTO - SUBSOLADOR/CANTERIZADOR
66154;IMPLEMENTO - SUBSOLADOR/CANTERIZADOR
66124;IMPLEMENTO - PLANTADORA CANA
66155;IMPLEMENTO - PLANTADORA CANA
46116;ONIBUS - TRANSPORTE PESSOAL
60816;CAMINHAO - SUPRIMENTOS
60065;VEICULO - ASSISTENCIA
66077;IMPLEMENTO - APLIC. INSETICIDA
66156;IMPLEMENTO - APLIC. INSETICIDA
64405;MAQUINA PESADA - EMPILHADEIRA
46505;MAQUINA - UNIPORT
47228;EQUIPAMENTO IRRIG - MOTOR ESTACIONARIO
46934;MAQUINA PESADA - RETROESCAVADEIRA
46506;MAQUINA - UNIPORT
47319;IMPLEMENTO - GUINDASTE
46599;TRATOR - AGRICOLA
61153;CAMINHAO - COMBOIO
46935;MAQUINA PESADA - MOTONIVELADORA
46022;VEICULO - ASSISTENCIA
63123;REBOQUE - CANAVIEIRO
63124;REBOQUE - CANAVIEIRO
63125;REBOQUE - CANAVIEIRO
63126;REBOQUE - CANAVIEIRO
46939;MAQUINA PESADA - MOTONIVELADORA
46144;CAMINHAO - COMBOIO
46940;MAQUINA PESADA - ESCAVADEIRA HIDRAULICA
46941;MAQUINA PESADA - PA CARREGADEIRA
66157;IMPLEMENTO - CARRETA AGRICOLA
66158;IMPLEMENTO - SUBSOLADOR/CANTERIZADOR
67002;DRONE - APLICACAO AEREA
67003;DRONE - APLICACAO AEREA
47320;IMPLEMENTO - GUINDASTE
47321;IMPLEMENTO - GUINDASTE
65802;EQUIPAMENTO IRRIG - MOTOR ESTACIONARIO
46944;MAQUINA PESADA - RETROESCAVADEIRA
65556;EQUIPAMENTO IRRIG - HIDRO ROLL IRRIGACAO
65557;EQUIPAMENTO IRRIG - HIDRO ROLL IRRIGACAO
65558;EQUIPAMENTO IRRIG - HIDRO ROLL IRRIGACAO
62267;TRATOR - AGRICOLA
62268;TRATOR - AGRICOLA
46011;VEICULO - ASSISTENCIA
46021;VEICULO - ASSISTENCIA
65507;EQUIPAMENTO IRRIG - HIDRO ROLL IRRIGACAO
65559;EQUIPAMENTO IRRIG - HIDRO ROLL IRRIGACAO
65560;EQUIPAMENTO IRRIG - HIDRO ROLL IRRIGACAO
62269;TRATOR - AGRICOLA
62270;TRATOR - AGRICOLA
60546;CAMINHAO - CANAVIEIRO
60548;CAMINHAO - CANAVIEIRO
60547;CAMINHAO - CANAVIEIRO
65561;EQUIPAMENTO IRRIG - HIDRO ROLL IRRIGACAO
62271;TRATOR - TRANSBORDO
60111;VEICULO - ASSISTENCIA
60275;MOTOCICLETA - ASSISTENCIA
60274;MOTOCICLETA - ASSISTENCIA
60088;VEICULO - ASSISTENCIA
61254;CAMINHAO - CACAMBA
61253;CAMINHAO - CACAMBA
60905;CAMINHAO - BOMBEIRO
66159;IMPLEMENTO - CULTIVADOR / QUEBRA LOMBO
66160;IMPLEMENTO - CULTIVADOR / QUEBRA LOMBO
60112;VEICULO - ASSISTENCIA
60108;VEICULO - ASSISTENCIA
46029;MOTOCICLETA - QUADRICICLO
46028;VEICULO - ASSISTENCIA
46032;VEICULO - COLABORADORES / PARCEIROS
62522;COLHEDORA - CANA
46509;TRATOR - AGRICOLA
46510;TRATOR - AGRICOLA
46978;MAQUINA PESADA - PA CARREGADEIRA
46979;MAQUINA PESADA - PA CARREGADEIRA
62272;TRATOR - TRANSBORDO
46228;ONIBUS - TRANSPORTE PESSOAL
62523;COLHEDORA - CANA
46088;VEICULO - ASSISTENCIA
64406;MAQUINA PESADA - EMPILHADEIRA
60113;VEICULO - ASSISTENCIA
46089;VEICULO - ASSISTENCIA
46980;MAQUINA PESADA - EMPILHADEIRA
46171;ONIBUS - TRANSPORTE PESSOAL
46160;ONIBUS - TRANSPORTE PESSOAL
65803;EQUIPAMENTO IRRIG - MOTOR ESTACIONARIO
46092;VEICULO - ASSISTENCIA
47322;IMPLEMENTO - ROCADEIRA
94139;VEICULO - ASSISTENCIA
46602;MAQUINA - UNIPORT
46981;MAQUINA PESADA - PLATAFORMA PANTOGRAFICA
66760;IMPLEMENTO - HERBIPLUS E BOMBA COSTAL
62274;TRATOR - TRANSBORDO
62273;TRATOR - TRANSBORDO
94140;VEICULO - ASSISTENCIA
62529;COLHEDORA - CANA
62275;TRATOR - TRANSBORDO
62276;TRATOR - TRANSBORDO
62524;COLHEDORA - CANA
62277;TRATOR - TRANSBORDO
62278;TRATOR - TRANSBORDO
62279;TRATOR - TRANSBORDO
62528;COLHEDORA - CANA
62280;TRATOR - TRANSBORDO
62281;TRATOR - TRANSBORDO
62282;TRATOR - TRANSBORDO
62283;TRATOR - TRANSBORDO
62284;TRATOR - TRANSBORDO
60276;MOTOCICLETA - ASSISTENCIA
46982;MAQUINA PESADA - MOTONIVELADORA
46038;VEICULO - COLABORADORES / PARCEIROS
65718;EQUIPAMENTO IRRIG - MOTOR GERADOR
65719;EQUIPAMENTO IRRIG - MOTOR GERADOR
62525;COLHEDORA - CANA
62526;COLHEDORA - CANA
62527;COLHEDORA - CANA
64407;MAQUINA PESADA - EMPILHADEIRA
67004;DRONE - DIVERSOS
67005;DRONE - DIVERSOS
67006;DRONE - DIVERSOS
60114;VEICULO - ASSISTENCIA
46970;MAQUINA PESADA - MOTONIVELADORA
65565;EQUIPAMENTO IRRIG - HIDRO ROLL IRRIGACAO
65564;EQUIPAMENTO IRRIG - HIDRO ROLL IRRIGACAO
65563;EQUIPAMENTO IRRIG - HIDRO ROLL IRRIGACAO
65562;EQUIPAMENTO IRRIG - HIDRO ROLL IRRIGACAO
65566;EQUIPAMENTO IRRIG - HIDRO ROLL IRRIGACAO
63407;REBOQUE - TRANSBORDO
63406;REBOQUE - TRANSBORDO
63405;REBOQUE - TRANSBORDO
63404;REBOQUE - TRANSBORDO
63403;REBOQUE - TRANSBORDO
63402;REBOQUE - TRANSBORDO
63401;REBOQUE - TRANSBORDO
63400;REBOQUE - TRANSBORDO
63399;REBOQUE - TRANSBORDO
63398;REBOQUE - TRANSBORDO
63397;REBOQUE - TRANSBORDO
63396;REBOQUE - TRANSBORDO
63395;REBOQUE - TRANSBORDO
63394;REBOQUE - TRANSBORDO
63393;REBOQUE - TRANSBORDO
63392;REBOQUE - TRANSBORDO
46983;COMPACTADOR DE SOLO
47323;IMPLEMENTO - DIVERSOS
63127;REBOQUE - CANAVIEIRO
63128;REBOQUE - CANAVIEIRO
63129;REBOQUE - CANAVIEIRO
63130;REBOQUE - CANAVIEIRO
63131;REBOQUE - CANAVIEIRO
63132;REBOQUE - CANAVIEIRO
47324;IMPLEMENTO - GUINDASTE
46984;MAQUINA PESADA - MOTONIVELADORA
46231;CAMINHAO - APOIO INDUSTRIA
66161;IMPLEMENTO - MOTOSSERRA
66162;IMPLEMENTO - MOTOSSERRA
60817;CAMINHAO - ASSISTENCIA
60818;CAMINHAO - ASSISTENCIA
46985;MAQUINA PESADA - ESCAVADEIRA HIDRAULICA
63135;REBOQUE - CANAVIEIRO
63134;REBOQUE - CANAVIEIRO
46041;VEICULO - ASSISTENCIA
60819;CAMINHAO - ASSISTENCIA
60820;CAMINHAO - ASSISTENCIA
46986;MAQUINA PESADA - ESCAVADEIRA HIDRAULICA
60001;VEICULO - DIRETORIA
46234;ONIBUS - TRANSPORTE PESSOAL
46233;ONIBUS - TRANSPORTE PESSOAL
46232;ONIBUS - TRANSPORTE PESSOAL
46987;MAQUINA PESADA - ESCAVADEIRA HIDRAULICA
46988;MAQUINA PESADA - ESCAVADEIRA HIDRAULICA
46989;MAQUINA PESADA - PA CARREGADEIRA
46052;VEICULO - ASSISTENCIA
47325;MAQUINA PESADA - PLATAFORMA PANTOGRAFICA
46054;VEICULO - ASSISTENCIA
46055;VEICULO - ASSISTENCIA
60116;VEICULO - ASSISTENCIA
60115;VEICULO - ASSISTENCIA
46056;VEICULO - ASSISTENCIA
46002;VEICULO - COLABORADORES / PARCEIROS
46057;VEICULO - ASSISTENCIA
66163;IMPLEMENTO - APLIC. INSETICIDA
65720;EQUIPAMENTO IRRIG - MOTOR GERADOR
46058;VEICULO - ASSISTENCIA
66164;IMPLEMENTO - ROCADEIRA
66165;IMPLEMENTO - ROCADEIRA
46236;ONIBUS - TRANSPORTE PESSOAL
46042;VEICULO - ASSISTENCIA
46603;TRATOR - AGRICOLA
46604;TRATOR - AGRICOLA
60117;VEICULO - ASSISTENCIA
46045;VEICULO - ASSISTENCIA
46518;TRATOR - AGRICOLA
46521;TRATOR - AGRICOLA
46515;TRATOR - AGRICOLA
46152;CAMINHAO - MUNCK
46145;CAMINHAO - BOMBEIRO
46530;COLHEDORA - CANA
46526;COLHEDORA - CANA
46531;TRATOR - TRANSBORDO
46532;TRATOR - TRANSBORDO
46533;TRATOR - TRANSBORDO
46542;TRATOR - TRANSBORDO
46153;CAMINHAO - COMBOIO
46544;TRATOR - TRANSBORDO
46545;TRATOR - TRANSBORDO
46546;TRATOR - TRANSBORDO
46547;TRATOR - TRANSBORDO
46548;TRATOR - TRANSBORDO
46046;VEICULO - ASSISTENCIA
46059;VEICULO - ASSISTENCIA
46060;VEICULO - ASSISTENCIA
46154;CAMINHAO - TRANSP. ACUCAR
60118;VEICULO - ASSISTENCIA
60119;VEICULO - ASSISTENCIA
46063;VEICULO - ASSISTENCIA
46102;CAMINHAO - TRANSP. ACUCAR
